docno="lists-087-15838712"
received="Tue Sep 17 17:30:43 2002"
isoreceived="20020917213043"
sent="Wed, 18 Sep 2002 0:15:21 +0800"
isosent="20020917161521"
name="????????"
email="johntang@topya.net"
subject="Special for you"
id="200209180018243.SM01184@John Tang"
charset="GB2312"
expires="-1"

To:"00@delysid.gnu.org"<00@delysid.gnu.org>,"00003e1f@nenter.com"<00003e1f@nenter.com>,"11111111@btamail.net.cn"<11111111@btamail.net.cn>,"21ivc@sina.com"<21ivc@sina.com>,"7815@notesmail.huawei.com.cn"<7815@notesmail.huawei.com.cn>,"98168@w1999.com"<98168@w1999.com>,"a5nhj001@sneakemail.com"<a5nhj001@sneakemail.com>,"abc@abcChina.net"<abc@abcChina.net>,"ADIFR@yahoo.com"<ADIFR@yahoo.com>,"admin@stpaulsps.nt.catholic"<admin@stpaulsps.nt.catholic>,"admin@waveheig.qld"<admin@waveheig.qld>,"admisiones@mail.usfq"<admisiones@mail.usfq>,"admissions@wustl.edu"<admissions@wustl.edu>,"adpsno@zsu.edu.cn"<adpsno@zsu.edu.cn>,"adv@chinadaily.com.cn"<adv@chinadaily.com.cn>,"aea@ah163.com"<aea@ah163.com>,"afgb@ustc.edu"<afgb@ustc.edu>,"ahr@iper.net"<ahr@iper.net>,"ajc@bing.wattle.id.au"<ajc@bing.wattle.id.au>,"ajwad_ansari@yahoo.com"<ajwad_ansari@yahoo.com>,"ajxkj@sina.com"<ajxkj@sina.com>,"alicewu34@hongkong.com"<alicewu34@hongkong.com>,"aline-2000@163.net"<aline-2000@163.net>,"andrews@math.uoregon.edu"<andrews@math.uoregon.edu>,"aradford@u.washington.edu"<aradford@u.washington.edu>,"article@thaimisc.com"<article@thaimisc.com>,"asiacity@public7.sta.net"<asiacity@public7.sta.net>,"asiaglass@asiaglass.com.sg"<asiaglass@asiaglass.com.sg>,"ayqiuye412@etang.com"<ayqiuye412@etang.com>,"babby.bbs@bbs.cs.nthu.edu.tw"<babby.bbs@bbs.cs.nthu.edu.tw>,"banking@switzerland.isyours"<banking@switzerland.isyours>,"bbs@csie.nctu.edu.tw"<bbs@csie.nctu.edu.tw>,"bbswsj@sina.com"<bbswsj@sina.com>,"bdu@chinadaily.com.cn"<bdu@chinadaily.com.cn>,"belinda@swufe.edu"<belinda@swufe.edu>,"bestball@hkstar.com"<bestball@hkstar.com>,"bigapple1@worldnet.att"<bigapple1@worldnet.att>,"bill.gilliss@aya.yale"<bill.gilliss@aya.yale>,"bitnet@vm.marist"<bitnet@vm.marist>,"bluestar@bigpond.net.au"<bluestar@bigpond.net.au>,"brad@cs.washington.edu"<brad@cs.washington.edu>,"brad9691@novell.uidaho.edu"<brad9691@novell.uidaho.edu>,"brenda@kanecal.net"<brenda@kanecal.net>,"brian@hursley.ibm.com"<brian@hursley.ibm.com>,"btco@ms18.hinet"<btco@ms18.hinet>,"bucssa@bu.edu"<bucssa@bu.edu>,"bucssa-ads@bu.edu"<bucssa-ads@bu.edu>,"Bug-glibc@gnu.org"<Bug-glibc@gnu.org>,"bxblong@163.net"<bxblong@163.net>,"bxssxdsh@163.com"<bxssxdsh@163.com>,"c.lennings@cchs.usyd"<c.lennings@cchs.usyd>,"c608453@uunet.uu.net"<c608453@uunet.uu.net>,"cancel@btamail.net.cn"<cancel@btamail.net.cn>,"casseyqw@sina.com"<casseyqw@sina.com>,"cbbc@onenortheast.co.uk"<cbbc@onenortheast.co.uk>,"ccc731225@hotmail.com"<ccc731225@hotmail.com>,"ccoichn@public2.zz.ha.cn"<ccoichn@public2.zz.ha.cn>,"cheman@cheman.com"<cheman@cheman.com>,"CHINA-TCMP@SOHU.COM"<CHINA-TCMP@SOHU.COM>,"chris.ricker@genetics.utah"<chris.ricker@genetics.utah>,"christchurch@ccc.govt.nz"<christchurch@ccc.govt.nz>,"cift@public.cx.nbptt.zj.cn"<cift@public.cx.nbptt.zj.cn>,"cindywang@126.com"<cindywang@126.com>,"CITES-L@wcmc.org.uk"<CITES-L@wcmc.org.uk>,"cladistica@lab.cricyt"<cladistica@lab.cricyt>,"clark.ian.c@edumail.vic.gov.au"<clark.ian.c@edumail.vic.gov.au>,"cnohoc@mail.hrb.hl.cninfo.net"<cnohoc@mail.hrb.hl.cninfo.net>,"coast-request@cs.purdue"<coast-request@cs.purdue>,"cogliano@mit.edu"<cogliano@mit.edu>,"com@cuhk.edu"<com@cuhk.edu>,"comment@w3.org"<comment@w3.org>,"comments@w3.org"<comments@w3.org>,"comserve@vm.its.rpi"<comserve@vm.its.rpi>,"concurso@glud.udistrital"<concurso@glud.udistrital>,"copyright@yahoo-inc.com"<copyright@yahoo-inc.com>,"coseal@cosealnxtec.co.kr"<coseal@cosealnxtec.co.kr>,"COSTA.SERVICES@w3c2.w3.org"<COSTA.SERVICES@w3c2.w3.org>,"cricyt@lab.cricyt"<cricyt@lab.cricyt>,"csme@i.com.cn"<csme@i.com.cn>,"css@w3.org"<css@w3.org>,"ctieditor@ctiin.com"<ctieditor@ctiin.com>,"cuimingzhe@CHINA.COM"<cuimingzhe@CHINA.COM>,"D.Kenny@cchs.usyd"<D.Kenny@cchs.usyd>,"dance.info@vca.unimelb"<dance.info@vca.unimelb>,"davedudd@ah163.com"<davedudd@ah163.com>,"davedudddavedudd@ah163.com"<davedudddavedudd@ah163.com>,"davychan@263.net"<davychan@263.net>,"dawen@163.net"<dawen@163.net>,"ddd9@btamail.net.cn"<ddd9@btamail.net.cn>,"debian-boor@lists.debian"<debian-boor@lists.debian>,"dinghb@cnki.net"<dinghb@cnki.net>,"dllianfa@online.ln.cn"<dllianfa@online.ln.cn>,"dongwei@utech.com"<dongwei@utech.com>,"ecnup@isdnnet.sta"<ecnup@isdnnet.sta>,"editor@chemsina.com"<editor@chemsina.com>,"ednakrab@hotmail.com"<ednakrab@hotmail.com>,"email02@btamail.net.cn"<email02@btamail.net.cn>,"empretec@bna.com.ar"<empretec@bna.com.ar>,"enquiry@ChinaLink.org.uk"<enquiry@ChinaLink.org.uk>,"eyerecover@eyerecover.com"<eyerecover@eyerecover.com>,"freedos@sunsite.unc"<freedos@sunsite.unc>,"fxe253943@ihw.com.cn"<fxe253943@ihw.com.cn>,"fzh666@163.com"<fzh666@163.com>,"gavin@waia.asn.au"<gavin@waia.asn.au>,"gaweitt@sina.com"<gaweitt@sina.com>,"gene@reman.com"<gene@reman.com>,"gilkey@math.uoregon.edu"<gilkey@math.uoregon.edu>,"GISinfo@mail.conted.uiuc.edu"<GISinfo@mail.conted.uiuc.edu>,"glory@tj.cnuninet"<glory@tj.cnuninet>,"gmwjw@public.wfptt.sd"<gmwjw@public.wfptt.sd>,"gninnah@aol.com"<gninnah@aol.com>,"goghs@eqiao.com"<goghs@eqiao.com>,"Gordon.Schanck@ucop.edu"<Gordon.Schanck@ucop.edu>,"g-testsuite-comments@w3.org"<g-testsuite-comments@w3.org>,"gtk-webmaster@php.net"<gtk-webmaster@php.net>,"gzgov@gz-gov.org"<gzgov@gz-gov.org>,"gztvad@ready-cn.com"<gztvad@ready-cn.com>,"Haishengnothing@ihw.com.cn"<Haishengnothing@ihw.com.cn>,"hanhan@pub.shantou.gd.cn"<hanhan@pub.shantou.gd.cn>,"hanynujan2001@163.net"<hanynujan2001@163.net>,"Hataitip@stanford.edu"<Hataitip@stanford.edu>,"hengch@pub.jieyang"<hengch@pub.jieyang>,"hg@huaguang.net"<hg@huaguang.net>,"hhcz@hhstar.com"<hhcz@hhstar.com>,"hkpcenq@hkpc.org"<hkpcenq@hkpc.org>,"hktdc@tdc.org.hk"<hktdc@tdc.org.hk>,"hock@UUM.EDU.MY"<hock@UUM.EDU.MY>,"holistic@asiaaccess.net"<holistic@asiaaccess.net>,"hong9612@263.net"<hong9612@263.net>,"hongxianfei@ah163.com"<hongxianfei@ah163.com>,"hr@ceibs.edu"<hr@ceibs.edu>,"hs2000@namhae.go.kr"<hs2000@namhae.go.kr>,"hsahsa@163.net"<hsahsa@163.net>,"hsc@hust.edu"<hsc@hust.edu>, huandong<webmaster@huandong.com>,"huayang@public.taptt.sd.cn"<huayang@public.taptt.sd.cn>,"iberia-mas-owner@lists.stanford"<iberia-mas-owner@lists.stanford>,"ichikawa@jpl.org"<ichikawa@jpl.org>,"ID@Domain.com"<ID@Domain.com>,"imissyou@btmail.net"<imissyou@btmail.net>,"implantecoclear-alta@eListas.net"<implantecoclear-alta@eListas.net>,"indvyvms.bitnet@cunyvm.cuny"<indvyvms.bitnet@cunyvm.cuny>,"InewsAlert20@excite.com"<InewsAlert20@excite.com>,"info@ahk.org.hk"<info@ahk.org.hk>,"info@appricot.com"<info@appricot.com>,"info@chinatex.net"<info@chinatex.net>,"info@fasserramenti.it"<info@fasserramenti.it>,"info@hualongelectron.com"<info@hualongelectron.com>,"info@it.uu"<info@it.uu>,"info@piemondo.it"<info@piemondo.it>,"info@sana.it"<info@sana.it>,"info@seeget.com"<info@seeget.com>,"info@sinosteel.com"<info@sinosteel.com>,"info@stfrancis.adl.catholic"<info@stfrancis.adl.catholic>,"info@yingki.com"<info@yingki.com>,"infosu@email.siam.th.edu"<infosu@email.siam.th.edu>,"ingels@bobcat.ent.ohiou.edu"<ingels@bobcat.ent.ohiou.edu>,"internat@maryvillecollege.edu"<internat@maryvillecollege.edu>,"ipfilter@postbox.anu.edu.au"<ipfilter@postbox.anu.edu.au>,"irchina@public.guangzhou.gd"<irchina@public.guangzhou.gd>,"IT@CSUMB.EDU"<IT@CSUMB.EDU>,"italcult@public.bta.net"<italcult@public.bta.net>,"jackyljl@yahoo.com.cn"<jackyljl@yahoo.com.cn>,"jecorrea@claustro.urosario"<jecorrea@claustro.urosario>,"jestevez@correo.caldasdereis"<jestevez@correo.caldasdereis>,"jingjing0599@sina.com"<jingjing0599@sina.com>,"jlmotor@public.cta.cq"<jlmotor@public.cta.cq>,"job2way@yoye.com"<job2way@yoye.com>,"jobs-emea@juniper.net"<jobs-emea@juniper.net>,"jobthai@microsoft.com"<jobthai@microsoft.com>,"johnson@yingki.com"<johnson@yingki.com>,"joyes@wacle.com"<joyes@wacle.com>,"junhesoft@junhesoft.com"<junhesoft@junhesoft.com>,"junma118@pub.sz.jsinfo.net"<junma118@pub.sz.jsinfo.net>,"jw-bgs@mail.in.ah.cn"<jw-bgs@mail.in.ah.cn>,"kanglufa@ihw.com.cn"<kanglufa@ihw.com.cn>,"kangpei@mx.cei.gov.cn"<kangpei@mx.cei.gov.cn>,"Kerberos@mit.edu"<Kerberos@mit.edu>,"khenning@cvm.tamu"<khenning@cvm.tamu>,"kidproj-italiano@listserv.nodak"<kidproj-italiano@listserv.nodak>,"kirwin@mednet.ucla"<kirwin@mednet.ucla>,"kobe8888@263....QQ"<kobe8888@263....QQ>,"kqlbaby@21cn.com"<kqlbaby@21cn.com>,"krb5-bugs@mit.edu"<krb5-bugs@mit.edu>,"laac@u.arizona"<laac@u.arizona>,"laflordelavida@hotmail.com"<laflordelavida@hotmail.com>,"laohuo@263.net"<laohuo@263.net>,"l-blueberry-comments@w3.org"<l-blueberry-comments@w3.org>,"lcmeng@bigpond.com"<lcmeng@bigpond.com>,"ldp-discuss@lists.linuxdoc"<ldp-discuss@lists.linuxdoc>,"leader@lnmk.com"<leader@lnmk.com>,"leigh.scott@det.nsw"<leigh.scott@det.nsw>,"lgpopelk@frsf.utn"<lgpopelk@frsf.utn>,"lihong@chinadaily.com.cn"<lihong@chinadaily.com.cn>,"lihx@cnki.net"<lihx@cnki.net>,"lihx2001@263.net"<lihx2001@263.net>,"lin_yuezhi@citiz.net"<lin_yuezhi@citiz.net>,"linda.tao.lt@bayer-ag.de"<linda.tao.lt@bayer-ag.de>,"Lind-say@21cn.com"<Lind-say@21cn.com>,"linux-howto@sunsite.unc"<linux-howto@sunsite.unc>,"listproc@wcmc.org.uk"<listproc@wcmc.org.uk>,"listserv@listserv.rediris.es"<listserv@listserv.rediris.es>,"listserv@netcom.com"<listserv@netcom.com>,"listserver@freebsd-fr.org"<listserver@freebsd-fr.org>,"liujing@mail.shcnc.ac.cn"<liujing@mail.shcnc.ac.cn>,"liujun_24@hotmail.com"<liujun_24@hotmail.com>,"lkhia@lkh.com.sg"<lkhia@lkh.com.sg>,"lla-webtools-request@mozilla.org"<lla-webtools-request@mozilla.org>,"llli505@hotmail.com"<llli505@hotmail.com>,"llou@midway.uchicago"<llou@midway.uchicago>,"lnreport@mail.sy.ln"<lnreport@mail.sy.ln>,"longwei_feedback@hotmail.com"<longwei_feedback@hotmail.com>,"lulu-lu@cellstar-hn.com"<lulu-lu@cellstar-hn.com>,"mail2news@anon.lcs.mit"<mail2news@anon.lcs.mit>,"mailbox@dandi.com.cn"<mailbox@dandi.com.cn>,"majc@8848.net"<majc@8848.net>,"manager@dgmjc.com"<manager@dgmjc.com>,"mankin@isi.edu"<mankin@isi.edu>,"mariana@funredes.org"<mariana@funredes.org>,"market@czspring.com"<market@czspring.com>,"market@sidea.net"<market@sidea.net>,"markete0188@sina.com"<markete0188@sina.com>,"marloes@marsevents.com.au"<marloes@marsevents.com.au>,"marty@unr.nevada"<marty@unr.nevada>,"master@balearweb.com"<master@balearweb.com>,"mesh@csee.uq.edu.au"<mesh@csee.uq.edu.au>,"mitec@mail.ahwhptt.net.cn"<mitec@mail.ahwhptt.net.cn>,"mix@alsa.alsa"<mix@alsa.alsa>,"moftec@moftec.gov"<moftec@moftec.gov>,"mours@lapp.in2p3.fr"<mours@lapp.in2p3.fr>,"msuinfo@ur.msstate.edu"<msuinfo@ur.msstate.edu>,"mudlun@yeah.net"<mudlun@yeah.net>,"naex@public.xm.fj.cn"<naex@public.xm.fj.cn>,"name@www.meheco.cncom"<name@www.meheco.cncom>,"nca_webmaster@umich.edu"<nca_webmaster@umich.edu>,"ndodge@ba.ttu"<ndodge@ba.ttu>,"newdonsun@sina.com"<newdonsun@sina.com>,"newjour-owner@ccat.sas.upenn.edu"<newjour-owner@ccat.sas.upenn.edu>,"nichols@packetdesign.com"<nichols@packetdesign.com>,"niko@enkey.it"<niko@enkey.it>,"nov88@eudoramail.com"<nov88@eudoramail.com>,"nuba@libero.it"<nuba@libero.it>,"o_xzb@stu.edu.cn"<o_xzb@stu.edu.cn>,"o_xzxx@stu.edu.cn"<o_xzxx@stu.edu.cn>,"octoberhousing1@yahoo.com"<octoberhousing1@yahoo.com>,"office@chineseeyes.com"<office@chineseeyes.com>,"officechina@21cn.com"<officechina@21cn.com>,"orders@mail.rons.net.cn"<orders@mail.rons.net.cn>,"otto@gauss.math.brown"<otto@gauss.math.brown>,"owner-burt-users@cs.wisc.edu"<owner-burt-users@cs.wisc.edu>,"owner-graybox@cs.wisc.edu"<owner-graybox@cs.wisc.edu>,"oywebmaster@amteam.org"<oywebmaster@amteam.org>,"pain@physics.uq.edu.au"<pain@physics.uq.edu.au>,"PALEOFOOD@MAELSTROM.STJOHNS.EDU"<PALEOFOOD@MAELSTROM.STJOHNS.EDU>,"patentpolicy-comment@w3.org"<patentpolicy-comment@w3.org>,"paul@staff.usyd"<paul@staff.usyd>,"phthailand@parker.com"<phthailand@parker.com>,"pohla@ames.vic.edu"<pohla@ames.vic.edu>,"pongnapang@uthscsa.edu"<pongnapang@uthscsa.edu>,"popS@coca-cola.com.cn"<popS@coca-cola.com.cn>,"postmaster@hualongelectron.com"<postmaster@hualongelectron.com>,"pwoods@nmac.org"<pwoods@nmac.org>,"pyuninh@yahoo.co.kr"<pyuninh@yahoo.co.kr>,"qgzx@qgzx.org"<qgzx@qgzx.org>,"qianwenhai@263.net"<qianwenhai@263.net>,"qinghfs@xinhuanet.com"<qinghfs@xinhuanet.com>,"qingzhu@pub.shantou.gd.cn"<qingzhu@pub.shantou.gd.cn>,"qingzhu_produce@21cn.com"<qingzhu_produce@21cn.com>,"rdf-validator@w3.org"<rdf-validator@w3.org>,"Reliable@public.east.cn.net"<Reliable@public.east.cn.net>,"rms@gnu.ai.mit"<rms@gnu.ai.mit>,"rnewton@astro.temple"<rnewton@astro.temple>,"root@hanyuan.whu.edu.cn"<root@hanyuan.whu.edu.cn>,"roycek@ellavale.com.au"<roycek@ellavale.com.au>,"rso@u.arizona.edu"<rso@u.arizona.edu>,"sakya@china.com"<sakya@CHINA.COM>,"sales@01city.com"<sales@01city.com>,"sales@asiasoft.com.cn"<sales@asiasoft.com.cn>,"sales@chinadaily.com.cn"<sales@chinadaily.com.cn>,"sales@cnv-corvettes.com"<sales@cnv-corvettes.com>,"sales@connectix.com"<sales@connectix.com>,"sales@email.com.cn"<sales@email.com.cn>,"sales@hardwarepit.com"<sales@hardwarepit.com>,"sales@hualongelectron.com"<sales@hualongelectron.com>,"sales@huasun-cti.com.cn"<sales@huasun-cti.com.cn>,"sales@ifood1.com"<sales@ifood1.com>,"sales@intmarketing.com"<sales@intmarketing.com>,"sales@mobiledata.com.au"<sales@mobiledata.com.au>,"sales@now.net.cn"<sales@now.net.cn>,"sales@now.nxt.cn"<sales@now.nxt.cn>,"sales@telecrown.com"<sales@telecrown.com>,"sales@trellian.com"<sales@trellian.com>,"sales@ynmail.com"<sales@ynmail.com>,"sccpit@mail.sc.cninfo.net"<sccpit@mail.sc.cninfo.net>,"schema-comments@w3.org"<schema-comments@w3.org>,"secretariat@infitt.org"<secretariat@infitt.org>,"seoulgov@163bj.com"<seoulgov@163bj.com>,"sergio@6giramondo.com"<sergio@6giramondo.com>,"service@email.com.cn"<service@email.com.cn>,"shanp@public.szptt.net.cn"<shanp@public.szptt.net.cn>,"shaojinw@yeah.net"<shaojinw@yeah.net>,"SHCCstock@excite.com"<SHCCstock@excite.com>,"slhero@yahoo.com"<slhero@yahoo.com>,"slug@slug.org.au"<slug@slug.org.au>,"smecbj@sun.midwest.com"<smecbj@midwest.com>,"snj_ye@online.sh.cn"<snj_ye@online.sh.cn>,"sob@harvard.edu"<sob@harvard.edu>,"Solutionkanglufa@ihw.com.cn"<Solutionkanglufa@ihw.com.cn>,"someone@hanmail.net"<someone@hanmail.net>,"soosw@pc.jaring.my"<soosw@pc.jaring.my>,"soung114@shinbiro.com"<soung114@shinbiro.com>,"soven@263.net.cn"<soven@263.net.cn>,"stdsc@online.sh.cn"<stdsc@online.sh.cn>,"suitianxing@sina.com"<suitianxing@sina.com>,"sunletters@pacpress.southam.c"<sunletters@pacpress.southam.c>,"SunOnline@Italy.Sun"<SunOnline@Italy.Sun>,"super_h@21cn.com"<super_h@21cn.com>,"support@cerzan.com"<support@cerzan.com>,"support@dnahost.net"<support@dnahost.net>,"support@now.net.cn"<support@now.net.cn>,"support@thaiwebfreelances.com"<support@thaiwebfreelances.com>,"support@trellian.com"<support@trellian.com>,"syd@ligo.caltech"<syd@ligo.caltech>,"Sylvia.gu.sg@bayer-ag.de"<Sylvia.gu.sg@bayer-ag.de>,"taglio@taglio.it"<taglio@taglio.it>,"tara@hydra.unm"<tara@hydra.unm>,"tassbj@public.bta.net.cn"<tassbj@public.bta.net.cn>,"tech@hhstar.com"<tech@hhstar.com>,"test@yahooo.com"<test@yahooo.com>,"teyong@163.net"<teyong@163.net>,"teyong@263.net"<teyong@263.net>,"tjbynum@metalab.unc"<tjbynum@metalab.unc>,"tony@intra.com"<tony@intra.com>,"trade@hhstar.com"<trade@hhstar.com>,"trellian@trellian.com"<trellian@trellian.com>,"tsaifue@moxa.com.tw"<tsaifue@moxa.com.tw>,"username@yourdomain.xxx"<username@yourdomain.xxx>,"ussg@iu.edu"<ussg@iu.edu>,"validator@w3.org"<validator@w3.org>,"vericiler@tgrt.com.tr"<vericiler@tgrt.com.tr>,"victor_bai@citiz.net"<victor_bai@citiz.net>,"virus_doctor@trendmicro.com"<virus_doctor@trendmicro.com>,"virus_research@nai.com"<virus_research@nai.com>,"vsr@263.net"<vsr@263.net>,"vsr@cn-vsr.com"<vsr@cn-vsr.com>,"wai-events@w3.org"<wai-events@w3.org>,"wai-report@w3.org"<wai-report@w3.org>,"wai-report-request@tux.w3.org"<wai-report-request@tux.w3.org>,"wai-tech-comments@w3.org"<wai-tech-comments@w3.org>,"wai-xtech@w3.org"<wai-xtech@w3.org>,"wangjin@chinatex.net"<wangjin@chinatex.net>,"webmaster@acs.utah.edu"<webmaster@acs.utah.edu>,"webmaster@ccer.pku"<webmaster@ccer.pku>,"webmaster@ce.net.cn"<webmaster@ce.net.cn>,"webmaster@chinabyte.com"<webmaster@chinabyte.com>,"webmaster@ChinaLink.org.uk"<webmaster@ChinaLink.org.uk>,"Webmaster@chinatex.net"<Webmaster@chinatex.net>,"webmaster@cnpre.com"<webmaster@cnpre.com>,"webmaster@colgate.edu"<webmaster@colgate.edu>,"webmaster@cpcp.com"<webmaster@cpcp.com>,"webmaster@dhammathai.org"<webmaster@dhammathai.org>,"webmaster@dinocom.com"<webmaster@dinocom.com>,"webmaster@divms.uiowa.edu"<webmaster@divms.uiowa.edu>,"webmaster@dozido.com"<webmaster@dozido.com>,"webmaster@duelist.cjb.net"<webmaster@duelist.cjb.net>,"Webmaster@eatb.com"<Webmaster@eatb.com>,"webmaster@e-king.com.cn"<webmaster@e-king.com.cn>,"webmaster@eqiao.com"<webmaster@eqiao.com>,"webmaster@exzilla.net"<webmaster@exzilla.net>,"webmaster@feiyang.sh.cn"<webmaster@feiyang.sh.cn>,"webmaster@getmoney.org"<webmaster@getmoney.org>,"webmaster@gzcity.gov.cn"<webmaster@gzcity.gov.cn>,"webmaster@hhstar.com"<webmaster@hhstar.com>,"webmaster@huandong.com.cn"<webmaster@huandong.com.cn>,"Webmaster@jobtopgun.com"<Webmaster@jobtopgun.com>,"webmaster@kent.edu"<webmaster@kent.edu>,"webmaster@mail.pma"<webmaster@mail.pma>,"webmaster@maxcyber.com"<webmaster@maxcyber.com>,"webmaster@med.nyu.edu"<webmaster@med.nyu.edu>,"webmaster@moftec.gov.cn"<webmaster@moftec.gov.cn>,"Webmaster@Montclair.edu"<Webmaster@Montclair.edu>,"webmaster@mp3.com.cn"<webmaster@mp3.com.cn>,"webmaster@msi.umn.edu"<webmaster@msi.umn.edu>,"webmaster@newfield.com.cn"<webmaster@newfield.com.cn>,"webmaster@nmstc.ca"<webmaster@nmstc.ca>,"webmaster@qut.edu.au"<webmaster@qut.edu.au>,"webmaster@rrcc.cccoes.edu"<webmaster@rrcc.cccoes.edu>,"webmaster@scfai.edu.cn"<webmaster@scfai.edu.cn>,"webmaster@scfesco.com.cn"<webmaster@scfesco.com.cn>,"webmaster@setc.gov"<webmaster@setc.gov>,"webmaster@shenwang.com.cn"<webmaster@shenwang.com.cn>,"webmaster@sidea.net"<webmaster@sidea.net>,"webmaster@tamil.net"<webmaster@tamil.net>,"webmaster@webhero.cc"<webmaster@webhero.cc>,"webmaster@wondermay.com"<webmaster@wondermay.com>,"webmaster@www.soc.qc.edu"<webmaster@troll.soc.qc.edu>,"webmaster@www.uark.edu"<webmaster@www.uark.edu>,"webmasterg2v2k2@vhost.chinakv"<webmasterg2v2k2@vhost.chinakv>,"webmasterg2v2k2@vhost.chinakv.co"<webmasterg2v2k2@vhost.chinakv.co>,"webmaster-l@hiro.wwwdev.monash.e"<webmaster-l@hiro.wwwdev.monash.e>,"www4mail-comments@w3.org"<www4mail-comments@w3.org>,"www-dom-ts@w3.org"<www-dom-ts@w3.org>,"www-email-discuss@w3.org"<www-email-discuss@w3.org>,"www-i18n-comments@w3.org"<www-i18n-comments@w3.org>,"www-rdf-comments@w3.org"<www-rdf-comments@w3.org>,"www-rdf-validator@w3.org"<www-rdf-validator@w3.org>,"xchatx@163.com"<xchatx@163.com>,"xjdong@mit.edu"<xjdong@mit.edu>,"xlhu@mail.nbptt.zj.cn"<xlhu@mail.nbptt.zj.cn>,"xml-linking-comments@w3.org"<xml-linking-comments@w3.org>,"xml-schema-comments@w3.org"<xml-schema-comments@w3.org>,"xxiang@mit.edu"<xxiang@mit.edu>,"yanghuayx@online.sh.cn"<yanghuayx@online.sh.cn>,"yearh@citiz.net"<yearh@citiz.net>,"yeyaning@263.net"<yeyaning@263.net>,"ygh@dlut.edu"<ygh@dlut.edu>,"YinCD.comkanglufa@ihw.com.cn"<YinCD.comkanglufa@ihw.com.cn>,"yongen@alibaba.com"<yongen@alibaba.com>,"youli@mrl.ucsb.edu"<youli@mrl.ucsb.edu>,"yourname@btamail.net"<yourname@btamail.net>,"yourname@chinav.com"<yourname@chinav.com>,"yourname@fm365.com"<yourname@fm365.com>,"yourname@joymail.com"<yourname@joymail.com>,"ytsai@oodb.syscom.com.tw"<ytsai@lion.syscom.com.tw>,"yuezhi@citiz.net"<yuezhi@citiz.net>,"ywc@bd748.pku"<ywc@bd748.pku>,"zcy@21trader.com"<zcy@21trader.com>,"zhang@sheffield.ac.uk"<zhang@sheffield.ac.uk>,"zhangcheng77@online.sh"<zhangcheng77@online.sh>,"zhangtie94@263.net"<zhangtie94@263.net>,"zhmiano5@pchome.com.tw"<zhmiano5@pchome.com.tw>,"zhtailin@pub.zhuhai.gd"<zhtailin@pub.zhuhai.gd>,"zhxiaohag2v2k2@vhost.public.lz.g"<zhxiaohag2v2k2@vhost.public.lz.g>,"zjyc@chinajournal.net.com"<zjyc@chinajournal.net.com>,"zouliangdong@asiab2bonline.com"<zouliangdong@asiab2bonline.com>,"zupo@zjuem.zju.edu"<zupo@zjuem.zju.edu>,"zxyutao@21cn.com"<zxyutao@21cn.com>,"zyb12345@263.net"<zyb12345@263.net>


Dear Sir Or Madam:
     
    Firstly I would like to introduce ourselves as one of the manufacturer of desklamp in Main 

China. We located in GUANGDONG province china.

    We know your name & email from GUANGZHOU trading fair fair.

    Please find attached document,which is picture of our desklamp.If you interested in such 

feather desklamp, please send email or fax for more details.

      Company: Topya Desklamp Co.,
   Address: No.4 WenJin City WenJin N.Road ShenZhen China
   Tel:86755-25635837   Fax:86755-25635931
     
   BEST REGARDS



????????????????                                                                              JOHN TANG
                                                                          ????????????????sales@topya.net
                                                                         ????????????????????2002-09-16

























